URL,Network_Call_Status,Observed_Floodlight_Call,GTM_Container_Found
https://site_0.com,200 OK,True,GTM-XYZ148
https://site_1.com,200 OK,True,GTM-XYZ105
https://site_2.com,200 OK,True,GTM-XYZ127
https://site_3.com,200 OK,True,GTM-XYZ149
https://site_4.com,200 OK,True,GTM-XYZ143
https://site_5.com,200 OK,True,GTM-XYZ144
https://site_6.com,200 OK,True,GTM-XYZ100
https://site_7.com,200 OK,True,GTM-XYZ121
https://site_8.com,200 OK,True,GTM-XYZ101
https://site_9.com,200 OK,True,GTM-XYZ106
https://site_10.com,200 OK,True,GTM-XYZ104
https://site_11.com,200 OK,True,GTM-XYZ139
https://site_12.com,200 OK,True,GTM-XYZ113
https://site_13.com,200 OK,True,GTM-XYZ123
https://site_14.com,200 OK,True,GTM-XYZ135
https://site_15.com,200 OK,True,GTM-XYZ122
https://site_16.com,200 OK,True,GTM-XYZ112
https://site_17.com,200 OK,True,GTM-XYZ113
https://site_18.com,200 OK,True,GTM-XYZ113
https://site_19.com,200 OK,True,GTM-XYZ133
https://site_20.com,200 OK,True,GTM-XYZ110
https://site_21.com,200 OK,True,GTM-XYZ127
https://site_22.com,200 OK,True,GTM-XYZ117
https://site_23.com,200 OK,True,GTM-XYZ120
https://site_24.com,200 OK,True,GTM-XYZ133
https://site_25.com,200 OK,True,GTM-XYZ118
https://site_26.com,403 BLOCKED,True,GTM-XYZ104
https://site_27.com,200 OK,True,GTM-XYZ116
https://site_28.com,200 OK,True,GTM-XYZ148
https://site_29.com,200 OK,True,GTM-XYZ114
https://site_30.com,200 OK,True,GTM-XYZ144
https://site_31.com,200 OK,True,GTM-XYZ121
https://site_32.com,200 OK,True,GTM-XYZ150
https://site_33.com,200 OK,True,GTM-XYZ146
https://site_34.com,200 OK,True,GTM-XYZ102
https://site_35.com,200 OK,True,GTM-XYZ136
https://site_36.com,200 OK,True,GTM-XYZ138
https://site_37.com,200 OK,True,GTM-XYZ103
https://site_38.com,200 OK,True,GTM-XYZ120
https://site_39.com,200 OK,True,GTM-XYZ123
https://site_40.com,200 OK,True,GTM-XYZ103
https://site_41.com,200 OK,True,GTM-XYZ108
https://site_42.com,200 OK,True,GTM-XYZ106
https://site_43.com,200 OK,True,GTM-XYZ106
https://site_44.com,200 OK,True,GTM-XYZ119
https://site_45.com,200 OK,True,GTM-XYZ121
https://site_46.com,200 OK,True,GTM-XYZ148
https://site_47.com,200 OK,True,GTM-XYZ145
https://site_48.com,200 OK,True,GTM-XYZ102
https://site_49.com,200 OK,True,GTM-XYZ133
https://site_50.com,200 OK,True,GTM-XYZ115
https://site_51.com,200 OK,True,GTM-XYZ127
https://site_52.com,200 OK,True,GTM-XYZ105
https://site_53.com,200 OK,True,GTM-XYZ141
https://site_54.com,200 OK,True,GTM-XYZ129
https://site_55.com,200 OK,True,GTM-XYZ127
https://site_56.com,200 OK,True,GTM-XYZ140
https://site_57.com,200 OK,True,GTM-XYZ144
https://site_58.com,200 OK,True,GTM-XYZ103
https://site_59.com,200 OK,True,GTM-XYZ138
https://site_60.com,200 OK,True,GTM-XYZ133
https://site_61.com,200 OK,True,GTM-XYZ135
https://site_62.com,200 OK,True,GTM-XYZ114
https://site_63.com,200 OK,True,GTM-XYZ140
https://site_64.com,200 OK,True,GTM-XYZ148
https://site_65.com,200 OK,True,GTM-XYZ102
https://site_66.com,200 OK,True,GTM-XYZ122
https://site_67.com,200 OK,True,GTM-XYZ102
https://site_68.com,200 OK,True,GTM-XYZ103
https://site_69.com,403 BLOCKED,True,GTM-XYZ112
https://site_70.com,200 OK,True,GTM-XYZ138
https://site_71.com,403 BLOCKED,True,GTM-XYZ129
https://site_72.com,200 OK,True,GTM-XYZ123
https://site_73.com,200 OK,True,GTM-XYZ105
https://site_74.com,200 OK,True,GTM-XYZ150
https://site_75.com,200 OK,True,GTM-XYZ116
https://site_76.com,200 OK,True,GTM-XYZ135
https://site_77.com,200 OK,True,GTM-XYZ108
https://site_78.com,200 OK,True,GTM-XYZ143
https://site_79.com,200 OK,True,GTM-XYZ100
https://site_80.com,200 OK,True,GTM-XYZ128
https://site_81.com,200 OK,True,GTM-XYZ124
https://site_82.com,200 OK,True,GTM-XYZ125
https://site_83.com,200 OK,True,GTM-XYZ109
https://site_84.com,403 BLOCKED,True,GTM-XYZ103
https://site_85.com,403 BLOCKED,True,GTM-XYZ121
https://site_86.com,200 OK,True,GTM-XYZ116
https://site_87.com,200 OK,True,GTM-XYZ143
https://site_88.com,200 OK,True,GTM-XYZ147
https://site_89.com,200 OK,True,GTM-XYZ133
https://site_90.com,200 OK,True,GTM-XYZ142
https://site_91.com,200 OK,True,GTM-XYZ141
https://site_92.com,403 BLOCKED,True,GTM-XYZ125
https://site_93.com,200 OK,True,GTM-XYZ141
https://site_94.com,200 OK,True,GTM-XYZ126
https://site_95.com,200 OK,True,GTM-XYZ137
https://site_96.com,200 OK,True,GTM-XYZ125
https://site_97.com,403 BLOCKED,True,GTM-XYZ130
https://site_98.com,200 OK,True,GTM-XYZ110
https://site_99.com,200 OK,True,GTM-XYZ132
https://site_100.com,200 OK,True,GTM-XYZ104
https://site_101.com,200 OK,True,GTM-XYZ149
https://site_102.com,200 OK,True,GTM-XYZ126
https://site_103.com,200 OK,True,GTM-XYZ120
https://site_104.com,200 OK,True,GTM-XYZ124
https://site_105.com,200 OK,True,GTM-XYZ127
https://site_106.com,200 OK,True,GTM-XYZ149
https://site_107.com,200 OK,True,GTM-XYZ100
https://site_108.com,200 OK,True,GTM-XYZ105
https://site_109.com,200 OK,True,GTM-XYZ143
https://site_110.com,200 OK,True,GTM-XYZ139
https://site_111.com,200 OK,True,GTM-XYZ120
https://site_112.com,200 OK,True,GTM-XYZ133
https://site_113.com,200 OK,True,GTM-XYZ137
https://site_114.com,200 OK,True,GTM-XYZ102
https://site_115.com,200 OK,True,GTM-XYZ117
https://site_116.com,403 BLOCKED,True,GTM-XYZ148
https://site_117.com,200 OK,True,GTM-XYZ145
https://site_118.com,200 OK,True,GTM-XYZ103
https://site_119.com,200 OK,True,GTM-XYZ138
https://site_120.com,200 OK,True,GTM-XYZ113
https://site_121.com,200 OK,True,GTM-XYZ141
https://site_122.com,200 OK,True,GTM-XYZ149
https://site_123.com,200 OK,True,GTM-XYZ138
https://site_124.com,200 OK,True,GTM-XYZ109
https://site_125.com,200 OK,True,GTM-XYZ130
https://site_126.com,200 OK,True,GTM-XYZ124
https://site_127.com,200 OK,True,GTM-XYZ140
https://site_128.com,200 OK,True,GTM-XYZ139
https://site_129.com,200 OK,True,GTM-XYZ144
https://site_130.com,200 OK,True,GTM-XYZ105
https://site_131.com,200 OK,True,GTM-XYZ130
https://site_132.com,200 OK,True,GTM-XYZ142
https://site_133.com,200 OK,True,GTM-XYZ103
https://site_134.com,200 OK,True,GTM-XYZ105
https://site_135.com,200 OK,True,GTM-XYZ113
https://site_136.com,200 OK,True,GTM-XYZ110
https://site_137.com,200 OK,True,GTM-XYZ142
https://site_138.com,200 OK,True,GTM-XYZ149
https://site_139.com,200 OK,True,GTM-XYZ103
https://site_140.com,403 BLOCKED,True,GTM-XYZ142
https://site_141.com,200 OK,True,GTM-XYZ142
https://site_142.com,200 OK,True,GTM-XYZ142
https://site_143.com,200 OK,True,GTM-XYZ131
https://site_144.com,200 OK,True,GTM-XYZ123
https://site_145.com,200 OK,True,GTM-XYZ148
https://site_146.com,200 OK,True,GTM-XYZ137
https://site_147.com,200 OK,True,GTM-XYZ105
https://site_148.com,200 OK,True,GTM-XYZ126
https://site_149.com,200 OK,True,GTM-XYZ147
https://site_150.com,200 OK,True,GTM-XYZ103
https://site_151.com,200 OK,True,GTM-XYZ118
https://site_152.com,200 OK,True,GTM-XYZ148
https://site_153.com,200 OK,True,GTM-XYZ146
https://site_154.com,200 OK,True,GTM-XYZ132
https://site_155.com,200 OK,True,GTM-XYZ108
https://site_156.com,200 OK,True,GTM-XYZ110
https://site_157.com,200 OK,True,GTM-XYZ115
https://site_158.com,200 OK,True,GTM-XYZ132
https://site_159.com,200 OK,True,GTM-XYZ114
https://site_160.com,200 OK,True,GTM-XYZ145
https://site_161.com,200 OK,True,GTM-XYZ135
https://site_162.com,200 OK,True,GTM-XYZ141
https://site_163.com,200 OK,True,GTM-XYZ122
https://site_164.com,200 OK,True,GTM-XYZ112
https://site_165.com,200 OK,True,GTM-XYZ117
https://site_166.com,200 OK,True,GTM-XYZ146
https://site_167.com,200 OK,True,GTM-XYZ117
https://site_168.com,403 BLOCKED,True,GTM-XYZ115
https://site_169.com,200 OK,True,GTM-XYZ139
https://site_170.com,403 BLOCKED,True,GTM-XYZ119
https://site_171.com,200 OK,True,GTM-XYZ105
https://site_172.com,403 BLOCKED,True,GTM-XYZ136
https://site_173.com,200 OK,True,GTM-XYZ100
https://site_174.com,200 OK,True,GTM-XYZ138
https://site_175.com,200 OK,True,GTM-XYZ142
https://site_176.com,200 OK,True,GTM-XYZ131
https://site_177.com,200 OK,True,GTM-XYZ141
https://site_178.com,200 OK,True,GTM-XYZ143
https://site_179.com,200 OK,True,GTM-XYZ143
https://site_180.com,200 OK,True,GTM-XYZ123
https://site_181.com,200 OK,True,GTM-XYZ105
https://site_182.com,200 OK,True,GTM-XYZ140
https://site_183.com,200 OK,True,GTM-XYZ142
https://site_184.com,200 OK,True,GTM-XYZ135
https://site_185.com,200 OK,True,GTM-XYZ129
https://site_186.com,200 OK,True,GTM-XYZ136
https://site_187.com,403 BLOCKED,True,GTM-XYZ123
https://site_188.com,403 BLOCKED,True,GTM-XYZ106
https://site_189.com,200 OK,True,GTM-XYZ111
https://site_190.com,200 OK,True,GTM-XYZ138
https://site_191.com,200 OK,True,GTM-XYZ143
https://site_192.com,200 OK,True,GTM-XYZ100
https://site_193.com,200 OK,True,GTM-XYZ149
https://site_194.com,200 OK,True,GTM-XYZ139
https://site_195.com,200 OK,True,GTM-XYZ142
https://site_196.com,200 OK,True,GTM-XYZ101
https://site_197.com,403 BLOCKED,True,GTM-XYZ147
https://site_198.com,200 OK,True,GTM-XYZ150
https://site_199.com,200 OK,True,GTM-XYZ140
https://site_200.com,200 OK,True,GTM-XYZ144
https://site_201.com,200 OK,True,GTM-XYZ124
https://site_202.com,200 OK,True,GTM-XYZ114
https://site_203.com,200 OK,True,GTM-XYZ117
https://site_204.com,200 OK,True,GTM-XYZ143
https://site_205.com,403 BLOCKED,True,GTM-XYZ133
https://site_206.com,200 OK,True,GTM-XYZ143
https://site_207.com,200 OK,True,GTM-XYZ135
https://site_208.com,200 OK,True,GTM-XYZ110
https://site_209.com,200 OK,True,GTM-XYZ134
https://site_210.com,200 OK,True,GTM-XYZ127
https://site_211.com,200 OK,True,GTM-XYZ101
https://site_212.com,200 OK,True,GTM-XYZ124
https://site_213.com,200 OK,True,GTM-XYZ139
https://site_214.com,200 OK,True,GTM-XYZ148
https://site_215.com,200 OK,True,GTM-XYZ104
https://site_216.com,200 OK,True,GTM-XYZ136
https://site_217.com,200 OK,True,GTM-XYZ147
https://site_218.com,200 OK,True,GTM-XYZ124
https://site_219.com,200 OK,True,GTM-XYZ149
https://site_220.com,200 OK,True,GTM-XYZ132
https://site_221.com,200 OK,True,GTM-XYZ131
https://site_222.com,200 OK,True,GTM-XYZ123
https://site_223.com,200 OK,True,GTM-XYZ114
https://site_224.com,200 OK,True,GTM-XYZ114
https://site_225.com,200 OK,True,GTM-XYZ132
https://site_226.com,200 OK,True,GTM-XYZ142
https://site_227.com,200 OK,True,GTM-XYZ140
https://site_228.com,200 OK,True,GTM-XYZ144
https://site_229.com,200 OK,True,GTM-XYZ105
https://site_230.com,200 OK,True,GTM-XYZ150
https://site_231.com,200 OK,True,GTM-XYZ104
https://site_232.com,200 OK,True,GTM-XYZ104
https://site_233.com,200 OK,True,GTM-XYZ120
https://site_234.com,200 OK,True,GTM-XYZ123
https://site_235.com,200 OK,True,GTM-XYZ135
https://site_236.com,200 OK,True,GTM-XYZ122
https://site_237.com,403 BLOCKED,True,GTM-XYZ141
https://site_238.com,200 OK,True,GTM-XYZ109
https://site_239.com,200 OK,True,GTM-XYZ123
https://site_240.com,200 OK,True,GTM-XYZ144
https://site_241.com,200 OK,True,GTM-XYZ114
https://site_242.com,200 OK,True,GTM-XYZ114
https://site_243.com,200 OK,True,GTM-XYZ139
https://site_244.com,200 OK,True,GTM-XYZ108
https://site_245.com,200 OK,True,GTM-XYZ120
https://site_246.com,200 OK,True,GTM-XYZ119
https://site_247.com,200 OK,True,GTM-XYZ106
https://site_248.com,200 OK,True,GTM-XYZ114
https://site_249.com,200 OK,True,GTM-XYZ139
https://site_250.com,200 OK,True,GTM-XYZ111
https://site_251.com,200 OK,True,GTM-XYZ127
https://site_252.com,200 OK,True,GTM-XYZ139
https://site_253.com,200 OK,True,GTM-XYZ148
https://site_254.com,200 OK,True,GTM-XYZ138
https://site_255.com,200 OK,True,GTM-XYZ122
https://site_256.com,200 OK,True,GTM-XYZ108
https://site_257.com,200 OK,True,GTM-XYZ125
https://site_258.com,200 OK,True,GTM-XYZ133
https://site_259.com,200 OK,True,GTM-XYZ147
https://site_260.com,200 OK,True,GTM-XYZ129
https://site_261.com,200 OK,True,GTM-XYZ130
https://site_262.com,200 OK,True,GTM-XYZ142
https://site_263.com,200 OK,True,GTM-XYZ112
https://site_264.com,200 OK,True,GTM-XYZ117
https://site_265.com,200 OK,True,GTM-XYZ143
https://site_266.com,200 OK,True,GTM-XYZ114
https://site_267.com,200 OK,True,GTM-XYZ117
https://site_268.com,200 OK,True,GTM-XYZ104
https://site_269.com,200 OK,True,GTM-XYZ132
https://site_270.com,200 OK,True,GTM-XYZ139
https://site_271.com,200 OK,True,GTM-XYZ136
https://site_272.com,200 OK,True,GTM-XYZ144
https://site_273.com,200 OK,True,GTM-XYZ149
https://site_274.com,200 OK,True,GTM-XYZ118
https://site_275.com,200 OK,True,GTM-XYZ125
https://site_276.com,200 OK,True,GTM-XYZ100
https://site_277.com,200 OK,True,GTM-XYZ130
https://site_278.com,200 OK,True,GTM-XYZ128
https://site_279.com,200 OK,True,GTM-XYZ124
https://site_280.com,200 OK,True,GTM-XYZ116
https://site_281.com,200 OK,True,GTM-XYZ139
https://site_282.com,200 OK,True,GTM-XYZ114
https://site_283.com,200 OK,True,GTM-XYZ145
https://site_284.com,200 OK,True,GTM-XYZ113
https://site_285.com,200 OK,True,GTM-XYZ135
https://site_286.com,200 OK,True,GTM-XYZ133
https://site_287.com,200 OK,True,GTM-XYZ130
https://site_288.com,200 OK,True,GTM-XYZ108
https://site_289.com,200 OK,True,GTM-XYZ128
https://site_290.com,200 OK,True,GTM-XYZ110
https://site_291.com,200 OK,True,GTM-XYZ146
https://site_292.com,200 OK,True,GTM-XYZ135
https://site_293.com,200 OK,True,GTM-XYZ130
https://site_294.com,200 OK,True,GTM-XYZ117
https://site_295.com,200 OK,True,GTM-XYZ117
https://site_296.com,200 OK,True,GTM-XYZ112
https://site_297.com,200 OK,True,GTM-XYZ139
https://site_298.com,200 OK,True,GTM-XYZ103
https://site_299.com,200 OK,True,GTM-XYZ115
https://site_300.com,200 OK,True,GTM-XYZ102
https://site_301.com,200 OK,True,GTM-XYZ131
https://site_302.com,200 OK,True,GTM-XYZ108
https://site_303.com,403 BLOCKED,True,GTM-XYZ106
https://site_304.com,200 OK,True,GTM-XYZ116
https://site_305.com,200 OK,True,GTM-XYZ147
https://site_306.com,200 OK,True,GTM-XYZ114
https://site_307.com,200 OK,True,GTM-XYZ115
https://site_308.com,200 OK,True,GTM-XYZ114
https://site_309.com,200 OK,True,GTM-XYZ137
https://site_310.com,403 BLOCKED,True,GTM-XYZ109
https://site_311.com,200 OK,True,GTM-XYZ115
https://site_312.com,200 OK,True,GTM-XYZ147
https://site_313.com,200 OK,True,GTM-XYZ149
https://site_314.com,200 OK,True,GTM-XYZ136
https://site_315.com,200 OK,True,GTM-XYZ104
https://site_316.com,200 OK,True,GTM-XYZ149
https://site_317.com,200 OK,True,GTM-XYZ132
https://site_318.com,200 OK,True,GTM-XYZ109
https://site_319.com,200 OK,True,GTM-XYZ121
https://site_320.com,200 OK,True,GTM-XYZ107
https://site_321.com,200 OK,True,GTM-XYZ115
https://site_322.com,200 OK,True,GTM-XYZ139
https://site_323.com,200 OK,True,GTM-XYZ101
https://site_324.com,200 OK,True,GTM-XYZ103
https://site_325.com,200 OK,True,GTM-XYZ141
https://site_326.com,200 OK,True,GTM-XYZ106
https://site_327.com,403 BLOCKED,True,GTM-XYZ123
https://site_328.com,200 OK,True,GTM-XYZ105
https://site_329.com,200 OK,True,GTM-XYZ133
https://site_330.com,200 OK,True,GTM-XYZ129
https://site_331.com,200 OK,True,GTM-XYZ121
https://site_332.com,200 OK,True,GTM-XYZ133
https://site_333.com,200 OK,True,GTM-XYZ118
https://site_334.com,200 OK,True,GTM-XYZ107
https://site_335.com,200 OK,True,GTM-XYZ134
https://site_336.com,403 BLOCKED,True,GTM-XYZ129
https://site_337.com,200 OK,True,GTM-XYZ109
https://site_338.com,200 OK,True,GTM-XYZ145
https://site_339.com,200 OK,True,GTM-XYZ123
https://site_340.com,200 OK,True,GTM-XYZ104
https://site_341.com,200 OK,True,GTM-XYZ131
https://site_342.com,200 OK,True,GTM-XYZ113
https://site_343.com,200 OK,True,GTM-XYZ136
https://site_344.com,200 OK,True,GTM-XYZ142
https://site_345.com,403 BLOCKED,True,GTM-XYZ123
https://site_346.com,200 OK,True,GTM-XYZ121
https://site_347.com,200 OK,True,GTM-XYZ106
https://site_348.com,200 OK,True,GTM-XYZ135
https://site_349.com,200 OK,True,GTM-XYZ145
https://site_350.com,200 OK,True,GTM-XYZ102
https://site_351.com,200 OK,True,GTM-XYZ118
https://site_352.com,200 OK,True,GTM-XYZ140
https://site_353.com,200 OK,True,GTM-XYZ115
https://site_354.com,200 OK,True,GTM-XYZ147
https://site_355.com,200 OK,True,GTM-XYZ120
https://site_356.com,200 OK,True,GTM-XYZ107
https://site_357.com,200 OK,True,GTM-XYZ108
https://site_358.com,200 OK,True,GTM-XYZ118
https://site_359.com,200 OK,True,GTM-XYZ145
https://site_360.com,200 OK,True,GTM-XYZ117
https://site_361.com,200 OK,True,GTM-XYZ107
https://site_362.com,200 OK,True,GTM-XYZ109
https://site_363.com,200 OK,True,GTM-XYZ108
https://site_364.com,200 OK,True,GTM-XYZ105
https://site_365.com,200 OK,True,GTM-XYZ145
https://site_366.com,200 OK,True,GTM-XYZ105
https://site_367.com,200 OK,True,GTM-XYZ133
https://site_368.com,200 OK,True,GTM-XYZ132
https://site_369.com,200 OK,True,GTM-XYZ147
https://site_370.com,200 OK,True,GTM-XYZ139
https://site_371.com,200 OK,True,GTM-XYZ116
https://site_372.com,200 OK,True,GTM-XYZ107
https://site_373.com,200 OK,True,GTM-XYZ146
https://site_374.com,200 OK,True,GTM-XYZ119
https://site_375.com,200 OK,True,GTM-XYZ108
https://site_376.com,200 OK,True,GTM-XYZ100
https://site_377.com,200 OK,True,GTM-XYZ100
https://site_378.com,200 OK,True,GTM-XYZ130
https://site_379.com,200 OK,True,GTM-XYZ130
https://site_380.com,200 OK,True,GTM-XYZ145
https://site_381.com,200 OK,True,GTM-XYZ100
https://site_382.com,200 OK,True,GTM-XYZ110
https://site_383.com,200 OK,True,GTM-XYZ109
https://site_384.com,200 OK,True,GTM-XYZ120
https://site_385.com,200 OK,True,GTM-XYZ101
https://site_386.com,200 OK,True,GTM-XYZ100
https://site_387.com,200 OK,True,GTM-XYZ118
https://site_388.com,200 OK,True,GTM-XYZ144
https://site_389.com,200 OK,True,GTM-XYZ133
https://site_390.com,200 OK,True,GTM-XYZ122
https://site_391.com,200 OK,True,GTM-XYZ131
https://site_392.com,200 OK,True,GTM-XYZ139
https://site_393.com,200 OK,True,GTM-XYZ120
https://site_394.com,200 OK,True,GTM-XYZ109
https://site_395.com,200 OK,True,GTM-XYZ120
https://site_396.com,200 OK,True,GTM-XYZ128
https://site_397.com,200 OK,True,GTM-XYZ104
https://site_398.com,200 OK,True,GTM-XYZ118
https://site_399.com,200 OK,True,GTM-XYZ100
https://site_400.com,200 OK,True,GTM-XYZ137
https://site_401.com,200 OK,True,GTM-XYZ143
https://site_402.com,200 OK,True,GTM-XYZ126
https://site_403.com,200 OK,True,GTM-XYZ134
https://site_404.com,200 OK,True,GTM-XYZ144
https://site_405.com,200 OK,True,GTM-XYZ113
https://site_406.com,200 OK,True,GTM-XYZ108
https://site_407.com,403 BLOCKED,True,GTM-XYZ103
https://site_408.com,200 OK,True,GTM-XYZ112
https://site_409.com,200 OK,True,GTM-XYZ118
https://site_410.com,200 OK,True,GTM-XYZ109
https://site_411.com,200 OK,True,GTM-XYZ135
https://site_412.com,200 OK,True,GTM-XYZ123
https://site_413.com,200 OK,True,GTM-XYZ116
https://site_414.com,200 OK,True,GTM-XYZ110
https://site_415.com,200 OK,True,GTM-XYZ148
https://site_416.com,200 OK,True,GTM-XYZ128
https://site_417.com,200 OK,True,GTM-XYZ125
https://site_418.com,403 BLOCKED,True,GTM-XYZ138
https://site_419.com,200 OK,True,GTM-XYZ129
https://site_420.com,200 OK,True,GTM-XYZ141
https://site_421.com,200 OK,True,GTM-XYZ115
https://site_422.com,200 OK,True,GTM-XYZ115
https://site_423.com,200 OK,True,GTM-XYZ103
https://site_424.com,403 BLOCKED,True,GTM-XYZ113
https://site_425.com,403 BLOCKED,True,GTM-XYZ140
https://site_426.com,200 OK,True,GTM-XYZ150
https://site_427.com,200 OK,True,GTM-XYZ124
https://site_428.com,200 OK,True,GTM-XYZ102
https://site_429.com,200 OK,True,GTM-XYZ141
https://site_430.com,200 OK,True,GTM-XYZ118
https://site_431.com,200 OK,True,GTM-XYZ132
https://site_432.com,200 OK,True,GTM-XYZ113
https://site_433.com,200 OK,True,GTM-XYZ134
https://site_434.com,200 OK,True,GTM-XYZ118
https://site_435.com,200 OK,True,GTM-XYZ134
https://site_436.com,200 OK,True,GTM-XYZ141
https://site_437.com,200 OK,True,GTM-XYZ102
https://site_438.com,200 OK,True,GTM-XYZ128
https://site_439.com,200 OK,True,GTM-XYZ139
https://site_440.com,200 OK,True,GTM-XYZ113
https://site_441.com,200 OK,True,GTM-XYZ109
https://site_442.com,200 OK,True,GTM-XYZ140
https://site_443.com,200 OK,True,GTM-XYZ124
https://site_444.com,200 OK,True,GTM-XYZ134
https://site_445.com,200 OK,True,GTM-XYZ120
https://site_446.com,200 OK,True,GTM-XYZ101
https://site_447.com,200 OK,True,GTM-XYZ110
https://site_448.com,200 OK,True,GTM-XYZ106
https://site_449.com,200 OK,True,GTM-XYZ113
https://site_450.com,200 OK,True,GTM-XYZ149
https://site_451.com,200 OK,True,GTM-XYZ138
https://site_452.com,200 OK,True,GTM-XYZ124
https://site_453.com,200 OK,True,GTM-XYZ134
https://site_454.com,200 OK,True,GTM-XYZ127
https://site_455.com,200 OK,True,GTM-XYZ128
https://site_456.com,200 OK,True,GTM-XYZ108
https://site_457.com,200 OK,True,GTM-XYZ123
https://site_458.com,200 OK,True,GTM-XYZ101
https://site_459.com,200 OK,True,GTM-XYZ128
https://site_460.com,200 OK,True,GTM-XYZ110
https://site_461.com,200 OK,True,GTM-XYZ132
https://site_462.com,403 BLOCKED,True,GTM-XYZ140
https://site_463.com,200 OK,True,GTM-XYZ145
https://site_464.com,200 OK,True,GTM-XYZ113
https://site_465.com,200 OK,True,GTM-XYZ109
https://site_466.com,200 OK,True,GTM-XYZ132
https://site_467.com,200 OK,True,GTM-XYZ140
https://site_468.com,200 OK,True,GTM-XYZ136
https://site_469.com,200 OK,True,GTM-XYZ117
https://site_470.com,200 OK,True,GTM-XYZ113
https://site_471.com,200 OK,True,GTM-XYZ139
https://site_472.com,200 OK,True,GTM-XYZ118
https://site_473.com,200 OK,True,GTM-XYZ116
https://site_474.com,200 OK,True,GTM-XYZ119
https://site_475.com,200 OK,True,GTM-XYZ112
https://site_476.com,200 OK,True,GTM-XYZ116
https://site_477.com,200 OK,True,GTM-XYZ123
https://site_478.com,200 OK,True,GTM-XYZ133
https://site_479.com,200 OK,True,GTM-XYZ114
https://site_480.com,200 OK,True,GTM-XYZ141
https://site_481.com,200 OK,True,GTM-XYZ123
https://site_482.com,200 OK,True,GTM-XYZ111
https://site_483.com,200 OK,True,GTM-XYZ110
https://site_484.com,200 OK,True,GTM-XYZ115
https://site_485.com,200 OK,True,GTM-XYZ106
https://site_486.com,200 OK,True,GTM-XYZ107
https://site_487.com,200 OK,True,GTM-XYZ111
https://site_488.com,200 OK,True,GTM-XYZ124
https://site_489.com,200 OK,True,GTM-XYZ108
https://site_490.com,200 OK,True,GTM-XYZ111
https://site_491.com,200 OK,True,GTM-XYZ110
https://site_492.com,200 OK,True,GTM-XYZ135
https://site_493.com,403 BLOCKED,True,GTM-XYZ107
https://site_494.com,200 OK,True,GTM-XYZ105
https://site_495.com,200 OK,True,GTM-XYZ132
https://site_496.com,200 OK,True,GTM-XYZ134
https://site_497.com,200 OK,True,GTM-XYZ120
https://site_498.com,200 OK,True,GTM-XYZ150
https://site_499.com,200 OK,True,GTM-XYZ123
https://site_500.com,200 OK,True,GTM-XYZ144
https://site_501.com,200 OK,True,GTM-XYZ129
https://site_502.com,200 OK,True,GTM-XYZ110
https://site_503.com,200 OK,True,GTM-XYZ119
https://site_504.com,200 OK,True,GTM-XYZ150
https://site_505.com,200 OK,True,GTM-XYZ124
https://site_506.com,200 OK,True,GTM-XYZ148
https://site_507.com,200 OK,True,GTM-XYZ120
https://site_508.com,200 OK,True,GTM-XYZ108
https://site_509.com,200 OK,True,GTM-XYZ146
https://site_510.com,200 OK,True,GTM-XYZ105
https://site_511.com,200 OK,True,GTM-XYZ126
https://site_512.com,200 OK,True,GTM-XYZ113
https://site_513.com,200 OK,True,GTM-XYZ126
https://site_514.com,200 OK,True,GTM-XYZ110
https://site_515.com,200 OK,True,GTM-XYZ101
https://site_516.com,200 OK,True,GTM-XYZ111
https://site_517.com,200 OK,True,GTM-XYZ102
https://site_518.com,200 OK,True,GTM-XYZ112
https://site_519.com,200 OK,True,GTM-XYZ137
https://site_520.com,200 OK,True,GTM-XYZ150
https://site_521.com,403 BLOCKED,True,GTM-XYZ138
https://site_522.com,200 OK,True,GTM-XYZ139
https://site_523.com,200 OK,True,GTM-XYZ142
https://site_524.com,200 OK,True,GTM-XYZ149
https://site_525.com,200 OK,True,GTM-XYZ109
https://site_526.com,200 OK,True,GTM-XYZ121
https://site_527.com,200 OK,True,GTM-XYZ126
https://site_528.com,200 OK,True,GTM-XYZ136
https://site_529.com,200 OK,True,GTM-XYZ135
https://site_530.com,200 OK,True,GTM-XYZ118
https://site_531.com,200 OK,True,GTM-XYZ107
https://site_532.com,200 OK,True,GTM-XYZ123
https://site_533.com,200 OK,True,GTM-XYZ116
https://site_534.com,200 OK,True,GTM-XYZ105
https://site_535.com,200 OK,True,GTM-XYZ126
https://site_536.com,200 OK,True,GTM-XYZ114
https://site_537.com,200 OK,True,GTM-XYZ128
https://site_538.com,200 OK,True,GTM-XYZ102
https://site_539.com,200 OK,True,GTM-XYZ120
https://site_540.com,200 OK,True,GTM-XYZ113
https://site_541.com,200 OK,True,GTM-XYZ131
https://site_542.com,200 OK,True,GTM-XYZ115
https://site_543.com,200 OK,True,GTM-XYZ123
https://site_544.com,200 OK,True,GTM-XYZ114
https://site_545.com,200 OK,True,GTM-XYZ133
https://site_546.com,200 OK,True,GTM-XYZ137
https://site_547.com,403 BLOCKED,True,GTM-XYZ145
https://site_548.com,200 OK,True,GTM-XYZ123
https://site_549.com,200 OK,True,GTM-XYZ146
https://site_550.com,200 OK,True,GTM-XYZ104
https://site_551.com,200 OK,True,GTM-XYZ128
https://site_552.com,200 OK,True,GTM-XYZ146
https://site_553.com,200 OK,True,GTM-XYZ116
https://site_554.com,200 OK,True,GTM-XYZ144
https://site_555.com,200 OK,True,GTM-XYZ148
https://site_556.com,200 OK,True,GTM-XYZ144
https://site_557.com,200 OK,True,GTM-XYZ140
https://site_558.com,200 OK,True,GTM-XYZ122
https://site_559.com,200 OK,True,GTM-XYZ131
https://site_560.com,200 OK,True,GTM-XYZ124
https://site_561.com,200 OK,True,GTM-XYZ137
https://site_562.com,200 OK,True,GTM-XYZ102
https://site_563.com,200 OK,True,GTM-XYZ138
https://site_564.com,200 OK,True,GTM-XYZ135
https://site_565.com,200 OK,True,GTM-XYZ136
https://site_566.com,200 OK,True,GTM-XYZ129
https://site_567.com,200 OK,True,GTM-XYZ148
https://site_568.com,200 OK,True,GTM-XYZ148
https://site_569.com,200 OK,True,GTM-XYZ136
https://site_570.com,200 OK,True,GTM-XYZ101
https://site_571.com,200 OK,True,GTM-XYZ120
https://site_572.com,200 OK,True,GTM-XYZ136
https://site_573.com,200 OK,True,GTM-XYZ112
https://site_574.com,200 OK,True,GTM-XYZ147
https://site_575.com,200 OK,True,GTM-XYZ100
https://site_576.com,200 OK,True,GTM-XYZ109
https://site_577.com,200 OK,True,GTM-XYZ116
https://site_578.com,200 OK,True,GTM-XYZ141
https://site_579.com,200 OK,True,GTM-XYZ125
https://site_580.com,200 OK,True,GTM-XYZ113
https://site_581.com,200 OK,True,GTM-XYZ133
https://site_582.com,200 OK,True,GTM-XYZ120
https://site_583.com,200 OK,True,GTM-XYZ123
https://site_584.com,200 OK,True,GTM-XYZ122
https://site_585.com,200 OK,True,GTM-XYZ148
https://site_586.com,200 OK,True,GTM-XYZ148
https://site_587.com,200 OK,True,GTM-XYZ149
https://site_588.com,200 OK,True,GTM-XYZ120
https://site_589.com,200 OK,True,GTM-XYZ141
https://site_590.com,200 OK,True,GTM-XYZ140
https://site_591.com,200 OK,True,GTM-XYZ109
https://site_592.com,200 OK,True,GTM-XYZ149
https://site_593.com,200 OK,True,GTM-XYZ119
https://site_594.com,200 OK,True,GTM-XYZ128
https://site_595.com,200 OK,True,GTM-XYZ146
https://site_596.com,200 OK,True,GTM-XYZ113
https://site_597.com,200 OK,True,GTM-XYZ129
https://site_598.com,200 OK,True,GTM-XYZ113
https://site_599.com,200 OK,True,GTM-XYZ144
https://site_600.com,200 OK,True,GTM-XYZ144
https://site_601.com,200 OK,True,GTM-XYZ120
https://site_602.com,200 OK,True,GTM-XYZ117
https://site_603.com,200 OK,True,GTM-XYZ147
https://site_604.com,200 OK,True,GTM-XYZ111
https://site_605.com,200 OK,True,GTM-XYZ106
https://site_606.com,200 OK,True,GTM-XYZ109
https://site_607.com,200 OK,True,GTM-XYZ149
https://site_608.com,200 OK,True,GTM-XYZ101
https://site_609.com,200 OK,True,GTM-XYZ101
https://site_610.com,200 OK,True,GTM-XYZ148
https://site_611.com,200 OK,True,GTM-XYZ106
https://site_612.com,200 OK,True,GTM-XYZ137
https://site_613.com,200 OK,True,GTM-XYZ141
https://site_614.com,200 OK,True,GTM-XYZ107
https://site_615.com,200 OK,True,GTM-XYZ117
https://site_616.com,200 OK,True,GTM-XYZ116
https://site_617.com,200 OK,True,GTM-XYZ104
https://site_618.com,200 OK,True,GTM-XYZ138
https://site_619.com,200 OK,True,GTM-XYZ150
https://site_620.com,403 BLOCKED,True,GTM-XYZ125
https://site_621.com,200 OK,True,GTM-XYZ109
https://site_622.com,200 OK,True,GTM-XYZ149
https://site_623.com,200 OK,True,GTM-XYZ132
https://site_624.com,200 OK,True,GTM-XYZ113
https://site_625.com,200 OK,True,GTM-XYZ141
https://site_626.com,200 OK,True,GTM-XYZ126
https://site_627.com,200 OK,True,GTM-XYZ129
https://site_628.com,200 OK,True,GTM-XYZ150
https://site_629.com,200 OK,True,GTM-XYZ150
https://site_630.com,200 OK,True,GTM-XYZ142
https://site_631.com,200 OK,True,GTM-XYZ141
https://site_632.com,200 OK,True,GTM-XYZ141
https://site_633.com,200 OK,True,GTM-XYZ143
https://site_634.com,200 OK,True,GTM-XYZ130
https://site_635.com,200 OK,True,GTM-XYZ106
https://site_636.com,200 OK,True,GTM-XYZ133
https://site_637.com,200 OK,True,GTM-XYZ107
https://site_638.com,200 OK,True,GTM-XYZ112
https://site_639.com,200 OK,True,GTM-XYZ140
https://site_640.com,200 OK,True,GTM-XYZ127
https://site_641.com,200 OK,True,GTM-XYZ139
https://site_642.com,200 OK,True,GTM-XYZ127
https://site_643.com,200 OK,True,GTM-XYZ143
https://site_644.com,200 OK,True,GTM-XYZ104
https://site_645.com,200 OK,True,GTM-XYZ145
https://site_646.com,200 OK,True,GTM-XYZ106
https://site_647.com,200 OK,True,GTM-XYZ119
https://site_648.com,200 OK,True,GTM-XYZ137
https://site_649.com,200 OK,True,GTM-XYZ143
https://site_650.com,200 OK,True,GTM-XYZ109
https://site_651.com,200 OK,True,GTM-XYZ132
https://site_652.com,200 OK,True,GTM-XYZ122
https://site_653.com,200 OK,True,GTM-XYZ127
https://site_654.com,200 OK,True,GTM-XYZ130
https://site_655.com,200 OK,True,GTM-XYZ145
https://site_656.com,200 OK,True,GTM-XYZ129
https://site_657.com,200 OK,True,GTM-XYZ147
https://site_658.com,200 OK,True,GTM-XYZ146
https://site_659.com,200 OK,True,GTM-XYZ140
https://site_660.com,200 OK,True,GTM-XYZ130
https://site_661.com,200 OK,True,GTM-XYZ146
https://site_662.com,200 OK,True,GTM-XYZ150
https://site_663.com,200 OK,True,GTM-XYZ137
https://site_664.com,200 OK,True,GTM-XYZ144
https://site_665.com,200 OK,True,GTM-XYZ110
https://site_666.com,200 OK,True,GTM-XYZ145
https://site_667.com,200 OK,True,GTM-XYZ135
https://site_668.com,200 OK,True,GTM-XYZ101
https://site_669.com,200 OK,True,GTM-XYZ144
https://site_670.com,200 OK,True,GTM-XYZ115
https://site_671.com,200 OK,True,GTM-XYZ108
https://site_672.com,200 OK,True,GTM-XYZ100
https://site_673.com,200 OK,True,GTM-XYZ148
https://site_674.com,200 OK,True,GTM-XYZ144
https://site_675.com,200 OK,True,GTM-XYZ148
https://site_676.com,200 OK,True,GTM-XYZ135
https://site_677.com,200 OK,True,GTM-XYZ125
https://site_678.com,200 OK,True,GTM-XYZ105
https://site_679.com,200 OK,True,GTM-XYZ106
https://site_680.com,403 BLOCKED,True,GTM-XYZ140
https://site_681.com,200 OK,True,GTM-XYZ128
https://site_682.com,200 OK,True,GTM-XYZ107
https://site_683.com,200 OK,True,GTM-XYZ105
https://site_684.com,200 OK,True,GTM-XYZ141
https://site_685.com,200 OK,True,GTM-XYZ102
https://site_686.com,200 OK,True,GTM-XYZ135
https://site_687.com,200 OK,True,GTM-XYZ143
https://site_688.com,200 OK,True,GTM-XYZ140
https://site_689.com,200 OK,True,GTM-XYZ148
https://site_690.com,200 OK,True,GTM-XYZ140
https://site_691.com,200 OK,True,GTM-XYZ142
https://site_692.com,200 OK,True,GTM-XYZ127
https://site_693.com,200 OK,True,GTM-XYZ135
https://site_694.com,200 OK,True,GTM-XYZ134
https://site_695.com,200 OK,True,GTM-XYZ100
https://site_696.com,200 OK,True,GTM-XYZ101
https://site_697.com,200 OK,True,GTM-XYZ140
https://site_698.com,200 OK,True,GTM-XYZ130
https://site_699.com,200 OK,True,GTM-XYZ146
https://site_700.com,200 OK,True,GTM-XYZ148
https://site_701.com,200 OK,True,GTM-XYZ112
https://site_702.com,200 OK,True,GTM-XYZ103
https://site_703.com,200 OK,True,GTM-XYZ142
https://site_704.com,200 OK,True,GTM-XYZ122
https://site_705.com,200 OK,True,GTM-XYZ136
https://site_706.com,200 OK,True,GTM-XYZ121
https://site_707.com,200 OK,True,GTM-XYZ134
https://site_708.com,200 OK,True,GTM-XYZ106
https://site_709.com,200 OK,True,GTM-XYZ125
https://site_710.com,200 OK,True,GTM-XYZ146
https://site_711.com,200 OK,True,GTM-XYZ120
https://site_712.com,200 OK,True,GTM-XYZ135
https://site_713.com,200 OK,True,GTM-XYZ112
https://site_714.com,200 OK,True,GTM-XYZ100
https://site_715.com,200 OK,True,GTM-XYZ115
https://site_716.com,200 OK,True,GTM-XYZ146
https://site_717.com,200 OK,True,GTM-XYZ117
https://site_718.com,200 OK,True,GTM-XYZ111
https://site_719.com,200 OK,True,GTM-XYZ107
https://site_720.com,403 BLOCKED,True,GTM-XYZ143
https://site_721.com,200 OK,True,GTM-XYZ147
https://site_722.com,200 OK,True,GTM-XYZ142
https://site_723.com,200 OK,True,GTM-XYZ141
https://site_724.com,200 OK,True,GTM-XYZ145
https://site_725.com,200 OK,True,GTM-XYZ110
https://site_726.com,200 OK,True,GTM-XYZ114
https://site_727.com,200 OK,True,GTM-XYZ123
https://site_728.com,200 OK,True,GTM-XYZ101
https://site_729.com,200 OK,True,GTM-XYZ103
https://site_730.com,200 OK,True,GTM-XYZ149
https://site_731.com,200 OK,True,GTM-XYZ149
https://site_732.com,200 OK,True,GTM-XYZ103
https://site_733.com,200 OK,True,GTM-XYZ113
https://site_734.com,200 OK,True,GTM-XYZ150
https://site_735.com,200 OK,True,GTM-XYZ103
https://site_736.com,200 OK,True,GTM-XYZ120
https://site_737.com,403 BLOCKED,True,GTM-XYZ125
https://site_738.com,200 OK,True,GTM-XYZ103
https://site_739.com,200 OK,True,GTM-XYZ119
https://site_740.com,200 OK,True,GTM-XYZ136
https://site_741.com,200 OK,True,GTM-XYZ139
https://site_742.com,200 OK,True,GTM-XYZ132
https://site_743.com,200 OK,True,GTM-XYZ112
https://site_744.com,200 OK,True,GTM-XYZ121
https://site_745.com,200 OK,True,GTM-XYZ138
https://site_746.com,200 OK,True,GTM-XYZ109
https://site_747.com,200 OK,True,GTM-XYZ100
https://site_748.com,200 OK,True,GTM-XYZ131
https://site_749.com,200 OK,True,GTM-XYZ127
https://site_750.com,200 OK,True,GTM-XYZ145
https://site_751.com,200 OK,True,GTM-XYZ147
https://site_752.com,200 OK,True,GTM-XYZ102
https://site_753.com,200 OK,True,GTM-XYZ108
https://site_754.com,200 OK,True,GTM-XYZ141
https://site_755.com,200 OK,True,GTM-XYZ117
https://site_756.com,200 OK,True,GTM-XYZ132
https://site_757.com,200 OK,True,GTM-XYZ142
https://site_758.com,200 OK,True,GTM-XYZ135
https://site_759.com,403 BLOCKED,True,GTM-XYZ146
https://site_760.com,200 OK,True,GTM-XYZ119
https://site_761.com,200 OK,True,GTM-XYZ145
https://site_762.com,200 OK,True,GTM-XYZ119
https://site_763.com,200 OK,True,GTM-XYZ118
https://site_764.com,200 OK,True,GTM-XYZ113
https://site_765.com,200 OK,True,GTM-XYZ128
https://site_766.com,200 OK,True,GTM-XYZ122
https://site_767.com,200 OK,True,GTM-XYZ101
https://site_768.com,200 OK,True,GTM-XYZ119
https://site_769.com,200 OK,True,GTM-XYZ129
https://site_770.com,200 OK,True,GTM-XYZ149
https://site_771.com,200 OK,True,GTM-XYZ102
https://site_772.com,200 OK,True,GTM-XYZ121
https://site_773.com,200 OK,True,GTM-XYZ129
https://site_774.com,200 OK,True,GTM-XYZ136
https://site_775.com,200 OK,True,GTM-XYZ116
https://site_776.com,200 OK,True,GTM-XYZ139
https://site_777.com,200 OK,True,GTM-XYZ122
https://site_778.com,200 OK,True,GTM-XYZ149
https://site_779.com,200 OK,True,GTM-XYZ121
https://site_780.com,200 OK,True,GTM-XYZ128
https://site_781.com,200 OK,True,GTM-XYZ108
https://site_782.com,200 OK,True,GTM-XYZ110
https://site_783.com,200 OK,True,GTM-XYZ140
https://site_784.com,200 OK,True,GTM-XYZ103
https://site_785.com,200 OK,True,GTM-XYZ130
https://site_786.com,200 OK,True,GTM-XYZ126
https://site_787.com,200 OK,True,GTM-XYZ101
https://site_788.com,200 OK,True,GTM-XYZ125
https://site_789.com,200 OK,True,GTM-XYZ100
https://site_790.com,200 OK,True,GTM-XYZ129
https://site_791.com,200 OK,True,GTM-XYZ130
https://site_792.com,200 OK,True,GTM-XYZ110
https://site_793.com,200 OK,True,GTM-XYZ140
https://site_794.com,200 OK,True,GTM-XYZ103
https://site_795.com,200 OK,True,GTM-XYZ136
https://site_796.com,200 OK,True,GTM-XYZ107
https://site_797.com,200 OK,True,GTM-XYZ136
https://site_798.com,200 OK,True,GTM-XYZ110
https://site_799.com,403 BLOCKED,True,GTM-XYZ134
https://site_800.com,200 OK,True,GTM-XYZ144
https://site_801.com,200 OK,True,GTM-XYZ125
https://site_802.com,403 BLOCKED,True,GTM-XYZ104
https://site_803.com,200 OK,True,GTM-XYZ113
https://site_804.com,200 OK,True,GTM-XYZ106
https://site_805.com,200 OK,True,GTM-XYZ106
https://site_806.com,200 OK,True,GTM-XYZ103
https://site_807.com,200 OK,True,GTM-XYZ105
https://site_808.com,200 OK,True,GTM-XYZ145
https://site_809.com,200 OK,True,GTM-XYZ142
https://site_810.com,403 BLOCKED,True,GTM-XYZ126
https://site_811.com,200 OK,True,GTM-XYZ141
https://site_812.com,200 OK,True,GTM-XYZ113
https://site_813.com,403 BLOCKED,True,GTM-XYZ147
https://site_814.com,200 OK,True,GTM-XYZ112
https://site_815.com,200 OK,True,GTM-XYZ143
https://site_816.com,200 OK,True,GTM-XYZ100
https://site_817.com,200 OK,True,GTM-XYZ109
https://site_818.com,200 OK,True,GTM-XYZ113
https://site_819.com,200 OK,True,GTM-XYZ132
https://site_820.com,200 OK,True,GTM-XYZ102
https://site_821.com,200 OK,True,GTM-XYZ120
https://site_822.com,200 OK,True,GTM-XYZ136
https://site_823.com,200 OK,True,GTM-XYZ131
https://site_824.com,200 OK,True,GTM-XYZ126
https://site_825.com,200 OK,True,GTM-XYZ147
https://site_826.com,200 OK,True,GTM-XYZ111
https://site_827.com,200 OK,True,GTM-XYZ120
https://site_828.com,200 OK,True,GTM-XYZ109
https://site_829.com,200 OK,True,GTM-XYZ146
https://site_830.com,200 OK,True,GTM-XYZ104
https://site_831.com,200 OK,True,GTM-XYZ138
https://site_832.com,200 OK,True,GTM-XYZ132
https://site_833.com,200 OK,True,GTM-XYZ139
https://site_834.com,200 OK,True,GTM-XYZ124
https://site_835.com,200 OK,True,GTM-XYZ114
https://site_836.com,200 OK,True,GTM-XYZ128
https://site_837.com,200 OK,True,GTM-XYZ133
https://site_838.com,200 OK,True,GTM-XYZ139
https://site_839.com,200 OK,True,GTM-XYZ119
https://site_840.com,200 OK,True,GTM-XYZ119
https://site_841.com,200 OK,True,GTM-XYZ101
https://site_842.com,200 OK,True,GTM-XYZ143
https://site_843.com,200 OK,True,GTM-XYZ129
https://site_844.com,200 OK,True,GTM-XYZ138
https://site_845.com,200 OK,True,GTM-XYZ103
https://site_846.com,200 OK,True,GTM-XYZ121
https://site_847.com,200 OK,True,GTM-XYZ109
https://site_848.com,200 OK,True,GTM-XYZ112
https://site_849.com,200 OK,True,GTM-XYZ142
https://site_850.com,200 OK,True,GTM-XYZ144
https://site_851.com,200 OK,True,GTM-XYZ121
https://site_852.com,200 OK,True,GTM-XYZ118
https://site_853.com,200 OK,True,GTM-XYZ108
https://site_854.com,200 OK,True,GTM-XYZ125
https://site_855.com,200 OK,True,GTM-XYZ105
https://site_856.com,200 OK,True,GTM-XYZ111
https://site_857.com,200 OK,True,GTM-XYZ108
https://site_858.com,200 OK,True,GTM-XYZ139
https://site_859.com,200 OK,True,GTM-XYZ120
https://site_860.com,200 OK,True,GTM-XYZ150
https://site_861.com,200 OK,True,GTM-XYZ113
https://site_862.com,200 OK,True,GTM-XYZ128
https://site_863.com,200 OK,True,GTM-XYZ150
https://site_864.com,200 OK,True,GTM-XYZ114
https://site_865.com,200 OK,True,GTM-XYZ113
https://site_866.com,200 OK,True,GTM-XYZ128
https://site_867.com,403 BLOCKED,True,GTM-XYZ114
https://site_868.com,200 OK,True,GTM-XYZ133
https://site_869.com,200 OK,True,GTM-XYZ116
https://site_870.com,200 OK,True,GTM-XYZ113
https://site_871.com,200 OK,True,GTM-XYZ139
https://site_872.com,200 OK,True,GTM-XYZ102
https://site_873.com,200 OK,True,GTM-XYZ139
https://site_874.com,200 OK,True,GTM-XYZ146
https://site_875.com,200 OK,True,GTM-XYZ125
https://site_876.com,200 OK,True,GTM-XYZ138
https://site_877.com,200 OK,True,GTM-XYZ137
https://site_878.com,200 OK,True,GTM-XYZ126
https://site_879.com,200 OK,True,GTM-XYZ142
https://site_880.com,200 OK,True,GTM-XYZ100
https://site_881.com,200 OK,True,GTM-XYZ116
https://site_882.com,200 OK,True,GTM-XYZ119
https://site_883.com,200 OK,True,GTM-XYZ120
https://site_884.com,200 OK,True,GTM-XYZ113
https://site_885.com,200 OK,True,GTM-XYZ110
https://site_886.com,200 OK,True,GTM-XYZ101
https://site_887.com,200 OK,True,GTM-XYZ114
https://site_888.com,200 OK,True,GTM-XYZ139
https://site_889.com,200 OK,True,GTM-XYZ131
https://site_890.com,200 OK,True,GTM-XYZ131
https://site_891.com,200 OK,True,GTM-XYZ108
https://site_892.com,200 OK,True,GTM-XYZ107
https://site_893.com,403 BLOCKED,True,GTM-XYZ150
https://site_894.com,403 BLOCKED,True,GTM-XYZ129
https://site_895.com,200 OK,True,GTM-XYZ103
https://site_896.com,403 BLOCKED,True,GTM-XYZ122
https://site_897.com,200 OK,True,GTM-XYZ123
https://site_898.com,200 OK,True,GTM-XYZ102
https://site_899.com,200 OK,True,GTM-XYZ107
https://site_900.com,200 OK,True,GTM-XYZ141
https://site_901.com,200 OK,True,GTM-XYZ139
https://site_902.com,200 OK,True,GTM-XYZ116
https://site_903.com,200 OK,True,GTM-XYZ112
https://site_904.com,200 OK,True,GTM-XYZ120
https://site_905.com,200 OK,True,GTM-XYZ137
https://site_906.com,200 OK,True,GTM-XYZ123
https://site_907.com,200 OK,True,GTM-XYZ113
https://site_908.com,200 OK,True,GTM-XYZ117
https://site_909.com,200 OK,True,GTM-XYZ106
https://site_910.com,200 OK,True,GTM-XYZ132
https://site_911.com,200 OK,True,GTM-XYZ100
https://site_912.com,200 OK,True,GTM-XYZ121
https://site_913.com,200 OK,True,GTM-XYZ149
https://site_914.com,200 OK,True,GTM-XYZ132
https://site_915.com,200 OK,True,GTM-XYZ144
https://site_916.com,200 OK,True,GTM-XYZ102
https://site_917.com,200 OK,True,GTM-XYZ107
https://site_918.com,200 OK,True,GTM-XYZ103
https://site_919.com,200 OK,True,GTM-XYZ141
https://site_920.com,200 OK,True,GTM-XYZ141
https://site_921.com,200 OK,True,GTM-XYZ140
https://site_922.com,200 OK,True,GTM-XYZ136
https://site_923.com,200 OK,True,GTM-XYZ113
https://site_924.com,200 OK,True,GTM-XYZ128
https://site_925.com,200 OK,True,GTM-XYZ150
https://site_926.com,200 OK,True,GTM-XYZ118
https://site_927.com,200 OK,True,GTM-XYZ146
https://site_928.com,200 OK,True,GTM-XYZ129
https://site_929.com,200 OK,True,GTM-XYZ143
https://site_930.com,200 OK,True,GTM-XYZ130
https://site_931.com,200 OK,True,GTM-XYZ144
https://site_932.com,200 OK,True,GTM-XYZ127
https://site_933.com,200 OK,True,GTM-XYZ127
https://site_934.com,200 OK,True,GTM-XYZ118
https://site_935.com,200 OK,True,GTM-XYZ138
https://site_936.com,200 OK,True,GTM-XYZ132
https://site_937.com,200 OK,True,GTM-XYZ104
https://site_938.com,200 OK,True,GTM-XYZ124
https://site_939.com,200 OK,True,GTM-XYZ148
https://site_940.com,200 OK,True,GTM-XYZ142
https://site_941.com,200 OK,True,GTM-XYZ101
https://site_942.com,200 OK,True,GTM-XYZ130
https://site_943.com,200 OK,True,GTM-XYZ123
https://site_944.com,200 OK,True,GTM-XYZ117
https://site_945.com,200 OK,True,GTM-XYZ136
https://site_946.com,200 OK,True,GTM-XYZ122
https://site_947.com,200 OK,True,GTM-XYZ134
https://site_948.com,200 OK,True,GTM-XYZ105
https://site_949.com,200 OK,True,GTM-XYZ134
https://site_950.com,403 BLOCKED,True,GTM-XYZ105
https://site_951.com,200 OK,True,GTM-XYZ119
https://site_952.com,200 OK,True,GTM-XYZ144
https://site_953.com,200 OK,True,GTM-XYZ133
https://site_954.com,200 OK,True,GTM-XYZ132
https://site_955.com,200 OK,True,GTM-XYZ149
https://site_956.com,200 OK,True,GTM-XYZ112
https://site_957.com,200 OK,True,GTM-XYZ110
https://site_958.com,200 OK,True,GTM-XYZ124
https://site_959.com,200 OK,True,GTM-XYZ106
https://site_960.com,200 OK,True,GTM-XYZ130
https://site_961.com,200 OK,True,GTM-XYZ120
https://site_962.com,200 OK,True,GTM-XYZ121
https://site_963.com,200 OK,True,GTM-XYZ111
https://site_964.com,200 OK,True,GTM-XYZ110
https://site_965.com,200 OK,True,GTM-XYZ103
https://site_966.com,200 OK,True,GTM-XYZ148
https://site_967.com,200 OK,True,GTM-XYZ126
https://site_968.com,200 OK,True,GTM-XYZ148
https://site_969.com,200 OK,True,GTM-XYZ133
https://site_970.com,200 OK,True,GTM-XYZ113
https://site_971.com,200 OK,True,GTM-XYZ121
https://site_972.com,200 OK,True,GTM-XYZ130
https://site_973.com,200 OK,True,GTM-XYZ147
https://site_974.com,200 OK,True,GTM-XYZ140
https://site_975.com,200 OK,True,GTM-XYZ127
https://site_976.com,200 OK,True,GTM-XYZ108
https://site_977.com,200 OK,True,GTM-XYZ108
https://site_978.com,200 OK,True,GTM-XYZ135
https://site_979.com,200 OK,True,GTM-XYZ130
https://site_980.com,200 OK,True,GTM-XYZ143
https://site_981.com,200 OK,True,GTM-XYZ103
https://site_982.com,200 OK,True,GTM-XYZ113
https://site_983.com,200 OK,True,GTM-XYZ114
https://site_984.com,200 OK,True,GTM-XYZ142
https://site_985.com,200 OK,True,GTM-XYZ122
https://site_986.com,200 OK,True,GTM-XYZ131
https://site_987.com,200 OK,True,GTM-XYZ115
https://site_988.com,200 OK,True,GTM-XYZ115
https://site_989.com,403 BLOCKED,True,GTM-XYZ112
https://site_990.com,200 OK,True,GTM-XYZ133
https://site_991.com,200 OK,True,GTM-XYZ104
https://site_992.com,200 OK,True,GTM-XYZ116
https://site_993.com,200 OK,True,GTM-XYZ132
https://site_994.com,200 OK,True,GTM-XYZ126
https://site_995.com,200 OK,True,GTM-XYZ122
https://site_996.com,200 OK,True,GTM-XYZ103
https://site_997.com,200 OK,True,GTM-XYZ107
https://site_998.com,200 OK,True,GTM-XYZ149
https://site_999.com,200 OK,True,GTM-XYZ145
